﻿<?xml version="1.0" encoding="utf-8" ?>
<FORMAT>
	<PAINTA>
		<FORMAT>
			^XA
			^DFR:PAINTA.GRF^FS
			^SEE:UHANGUL.DAT^FS
			^CW1,E:KFONT3.FNT^CI26^FS

			^FO120,150^A1N,120,100^FN1^FS (COLOR)
			^FO120,320^A1N,120,100^FN2^FS(final Chk)

			^FO750,150^A1N,40,35^FD(주)엠지에스^FS(COMPANY)
			^FO750,210^A1N,40,35^FN4^FS(NAME)
			^FO750,270^A1N,40,35^FN5^FS(no)

			^FO750,350^A1N,35,30^FN6^FS(DATE)
			^FO750,400^A1N,35,30^FN7^FS(TIME)
			^FO750,450^A1N,35,30^FN8^FS(SEQ)

			^FO250,500^BY3,1,1^BCN,85,Y,N^FN9^FS(BARCODE)
			^FO120,620^A1N,40,30^FN10^FS(DESC)
			^XZ
		</FORMAT>
		<FUNCTION>
			<FN1>COLORNAME</FN1>
			<FN2>PSTATIONIDNAME</FN2>
			<FN4>WORKERNAME</FN4>
			<FN5>SEQ</FN5>
			<FN6>PDATE</FN6>
			<FN7>PTIME2</FN7>
			<FN8>SEQ</FN8>
			<FN9>BARCODE</FN9>
			<FN10>CARTYPENAME</FN10>
		</FUNCTION>
		<OFFSET>
			<X>-100</X>
			<Y>-90</Y>
		</OFFSET>
	</PAINTA>
	<INJECTION_M>
		<FORMAT>
			^XA
			^DFR:INJECTION_M.GRF^FS
			^SEE:UHANGUL.DAT^FS
			^CW1,E:KFONT3.FNT^CI26^FS

			^FO20,30^A1N,35,30^FD(주)엠지에스^FS
			^FO20,70^A1N,25,22^FN1^FS (date)
			^FO180,70^A1N,25,22^FN2^FS (time)

			^FO350,30^A1N,35,30^FN3^FS (사용자)
			^FO350,70^A1N,35,30^FN4^FS (SEQ)

			^FO30,105^BY2,2,3^BCN,75,Y,N^FN5^FS(BARCODE)
			^XZ
		</FORMAT>
		<FUNCTION>
			<FN1>PDATE</FN1>
			<FN2>PTIME</FN2>
			<FN3>WORKERID</FN3>			
			<FN4>ISEQ</FN4>
			<FN5>BARCODE</FN5>
		</FUNCTION>
		<OFFSET>
			<X>5</X>
			<Y>0</Y>
		</OFFSET>
	</INJECTION_M>
	<INJECTION>
		<FORMAT>
			^XA
			^DFR:INJECTION.GRF^FS
			^SEE:UHANGUL.DAT^FS
			^CW1,E:KFONT3.FNT^CI26^FS
			
			^FO85,60^A1N,100,90^FN1^FS (사출반)

			^FO220,30^GB560,250,4^FS
			^FO235,55^A1N,55,45^FD모델:^FS
			^FO360,55^A1N,55,44^FN2^FS (사출모델)
			
			^FO235,130^A1N,55,45^FD작업자:^FS
			^FO400,130^^A1N,55,45^FN3^FS (작업자)

			^FO235,205^A1N,55,45^FD작업일:^FS
			^FO400,205^^A1N,55,45^FN4^FS (작업일)

			^FO30,185^GB180,95,4^FS
			^FO40,200^^A1N,70,65^FN5^FS (NO)

			^FO50,290^BY3,3,3^BCN,75,Y,N^FN6^FS(BARCODE)
			^XZ
		</FORMAT>
		<FUNCTION>
			<FN1>PRINTPARTCODE</FN1>
			<FN2>CARTYPENAME</FN2>
			<FN3>WORKERID</FN3>
			<FN4>PDATE</FN4>
			<FN5>ISEQ</FN5>
			<FN6>BARCODE</FN6>
		</FUNCTION>
		<OFFSET>
			<X>20</X>
			<Y>0</Y>
		</OFFSET>
	</INJECTION>
	<PAINT>
		<FORMAT>
			^XA
			^DFR:PAINT.GRF^FS
			^SEE:UHANGUL.DAT^FS
			^CW1,E:KFONT3.FNT^CI26^FS

			^FO25,20^GB290,190,4^FS
			^FO40,60^A1N,120,120^FN1^FS (컬러)

			^FO25,220^GB290,60,4^FS
			^FO50,230^A1N,30,25^FN2^FS (SEQ, TIME)

			^FO325,20^GB400,260,4^FS
			^FO335,50^A1N,40,40^FD차종:^FS
			^FO455,50^A1N,40,40^FN3^FS (차종)
			
			^FO335,110^A1N,40,40^FD일자:^FS
			^FO455,110^A1N,40,40^FN4^FS (일자)

			^FO335,170^A1N,40,40^FD작업자:^FS
			^FO495,170^A1N,40,40^FN5^FS (작업자)

			^FO335,230^A1N,40,40^FD작업장:^FS
			^FO495,230^A1N,40,40^FN6^FS (작업장)

			^FO160,300^BY2,2,2^BCN,70,Y,N^FN7^FS(BARCODE)
			^XZ
		</FORMAT>
		<FUNCTION>
			<FN1>COLORNAME</FN1>
			<FN2>SEQTIME</FN2>
			<FN3>CARTYPENAME</FN3>
			<FN4>PDATE</FN4>
			<FN5>WORKERNAME</FN5>
			<FN6>PSTATIONIDNAME</FN6>
			<FN7>BARCODE</FN7>
		</FUNCTION>
		<OFFSET>
			<X>30</X>
			<Y>0</Y>
		</OFFSET>
	</PAINT>

	<PAINTB>
		<FORMAT>
			^XA
			^DFR:PAINTA.GRF^FS
			^SEE:UHANGUL.DAT^FS
			^CW1,E:KFONT3.FNT^CI26^FS
			^FO500,100^GB200,200,4^FS
			^FO500,100^GB200,400,4^FS
			^FO500,100^GB200,600,4^FS
			^FO500,100^GB200,800,4^FS
			^FO500,100^GB100,800,4^FS

			^FO595,100^GB105,100,4^FS
			^FO595,100^GB105,300,4^FS
			^FO595,100^GB105,500,4^FS
			^FO595,100^GB105,700,4^FS


			^FO543,190^ADN,30,25^FDA^FS
			^FO633,140^ADN,20,15^FDOK^FS
			^FO633,240^ADN,20,15^FDNG^FS

			^FO543,390^ADN,30,25^FDB^FS
			^FO633,350^ADN,15,15^FDOK^FS
			^FO633,450^ADN,15,15^FDNG^FS

			^FO543,590^ADN,30,25^FDC^FS
			^FO633,550^ADN,15,15^FDOK^FS
			^FO633,650^ADN,15,15^FDNG^FS

			^FO543,790^ADN,30,25^FDD^FS
			^FO633,750^ADN,15,15^FDOK^FS
			^FO633,850^ADN,15,15^FDNG^FS

			^FO120,200^A1N,120,100^FN1^FS (COLOR)
			^FO120,400^A1N,120,100^FN2^FS(final Chk)

			^FO750,150^A1N,40,35^FD(주)엠지에스^FS(COMPANY)
			^FO750,230^A1N,40,35^FN4^FS(NAME)
			^FO750,310^A1N,40,35^FN5^FS(no)

			^FO750,450^A1N,35,30^FN6^FS(DATE)
			^FO750,500^A1N,35,30^FN7^FS(TIME)
			^FO750,550^A1N,35,30^FN8^FS(SEQ)

			^FO745,650^BCN,50,Y,Y^FN9^FS(BARCODE)

			^FO120,920^A1N,40,30^FN10^FS(DESC)
			^XZ
		</FORMAT>
		<FUNCTION>
			<FN1>COLORNAME</FN1>
			<FN2>PSTATIONIDNAME</FN2>
			<FN4>WORKERNAME</FN4>
			<FN5>SEQ</FN5>
			<FN6>PDATE</FN6>
			<FN7>PTIME2</FN7>
			<FN8>SEQ</FN8>
			<FN9>BARCODE</FN9>
			<FN10>CARTYPENAME</FN10>
		</FUNCTION>
		<OFFSET>
			<X>-100</X>
			<Y>-90</Y>
		</OFFSET>
	</PAINTB>
</FORMAT>

